/*

CREATE TABLE MAP_PAIS (
  idPais varchar2(2) NOT NULL,
  nombre varchar2(100) NOT NULL,
  estado varchar2(1) NOT NULL,
  CONSTRAINT MAP_PAIS_PK PRIMARY KEY (idPais)
);

INSERT INTO MAP_PAIS(IDPAIS,NOMBRE,ESTADO) VALUES ( 'EC', 'Ecuador', 'A' );

***************************** AGREGAR TABLAS MAP_USUARIOS *****************************

CREATE TABLE MAP_REGION (
  idRegion number(13) NOT NULL,
  idPais varchar2(2) NOT NULL,
  nombre varchar2(100) NOT NULL,
  estado varchar2(1) NOT NULL,
  CONSTRAINT MAP_REGION_PK PRIMARY KEY (idRegion)
);

INSERT INTO MAP_REGION( IDREGION, IDPAIS, NOMBRE, ESTADO ) VALUES ( 1, 'EC', 'Guayaquil', 'A');
INSERT INTO MAP_REGION( IDREGION, IDPAIS, NOMBRE, ESTADO ) VALUES ( 2, 'EC', 'Quito', 'A');
INSERT INTO MAP_REGION( IDREGION, IDPAIS, NOMBRE, ESTADO ) VALUES ( 3, 'EC', 'Costa', 'A');
INSERT INTO MAP_REGION( IDREGION, IDPAIS, NOMBRE, ESTADO ) VALUES ( 4, 'EC', 'Sierra', 'A');

CREATE TABLE MAP_SALAVENTAS (
  idSala varchar2(4) NOT NULL,
  idRegion number(13) NOT NULL,
  nombre varchar2(100) NOT NULL,
  estado varchar2(1) NOT NULL,
  CONSTRAINT MAP_SALAVENTAS_PK PRIMARY KEY (idSala, idRegion)
)

INSERT INTO MAP_SALAVENTAS( IDSALA, IDREGION, NOMBRE, ESTADO) VALUES('ES01', 1, 'Guayaquil Norte', 'A');
INSERT INTO MAP_SALAVENTAS( IDSALA, IDREGION, NOMBRE, ESTADO) VALUES('ES02', 1, 'Guayaquil Sur', 'A');
INSERT INTO MAP_SALAVENTAS( IDSALA, IDREGION, NOMBRE, ESTADO) VALUES('ES05', 1, 'Guayaquil Norte Mayorista', 'A');
INSERT INTO MAP_SALAVENTAS( IDSALA, IDREGION, NOMBRE, ESTADO) VALUES('ES08', 2, 'Quito Norte', 'A');
INSERT INTO MAP_SALAVENTAS( IDSALA, IDREGION, NOMBRE, ESTADO) VALUES('ES10', 2, 'Quito Sur', 'A');

CREATE TABLE MAP_RUTA (
  idRuta varchar2(6) NOT NULL,
  idSalaVentas varchar2(4) NOT NULL,
  nombre varchar2(100) NOT NULL,
  estado varchar2(1) NOT NULL,
  CONSTRAINT MAP_RUTA_PK PRIMARY KEY (idRuta, idSalaVentas)
)

//501101
INSERT INTO MAP_RUTA(IDRUTA, IDSALAVENTAS, NOMBRE, ESTADO ) VALUES ('501101','ES01','Preventa 501101','A');
INSERT INTO MAP_RUTA(IDRUTA, IDSALAVENTAS, NOMBRE, ESTADO ) VALUES ('501102','ES01','Preventa 501102','A');
INSERT INTO MAP_RUTA(IDRUTA, IDSALAVENTAS, NOMBRE, ESTADO ) VALUES ('501103','ES01','Preventa 501103','A');
INSERT INTO MAP_RUTA(IDRUTA, IDSALAVENTAS, NOMBRE, ESTADO ) VALUES ('501104','ES01','Preventa 501104','A');
INSERT INTO MAP_RUTA(IDRUTA, IDSALAVENTAS, NOMBRE, ESTADO ) VALUES ('501105','ES01','Preventa 501105','A');
INSERT INTO MAP_RUTA(IDRUTA, IDSALAVENTAS, NOMBRE, ESTADO ) VALUES ('501106','ES01','Preventa 501106','A');
INSERT INTO MAP_RUTA(IDRUTA, IDSALAVENTAS, NOMBRE, ESTADO ) VALUES ('501107','ES01','Preventa 501107','A');
INSERT INTO MAP_RUTA(IDRUTA, IDSALAVENTAS, NOMBRE, ESTADO ) VALUES ('501108','ES01','Preventa 501108','A');
INSERT INTO MAP_RUTA(IDRUTA, IDSALAVENTAS, NOMBRE, ESTADO ) VALUES ('501109','ES01','Preventa 501109','A');
INSERT INTO MAP_RUTA(IDRUTA, IDSALAVENTAS, NOMBRE, ESTADO ) VALUES ('501110','ES01','Preventa 501110','A');
//502101
INSERT INTO MAP_RUTA(IDRUTA, IDSALAVENTAS, NOMBRE, ESTADO ) VALUES ('502101','ES02','Preventa 502101','A');
INSERT INTO MAP_RUTA(IDRUTA, IDSALAVENTAS, NOMBRE, ESTADO ) VALUES ('502102','ES02','Preventa 502102','A');
INSERT INTO MAP_RUTA(IDRUTA, IDSALAVENTAS, NOMBRE, ESTADO ) VALUES ('502103','ES02','Preventa 502103','A');
INSERT INTO MAP_RUTA(IDRUTA, IDSALAVENTAS, NOMBRE, ESTADO ) VALUES ('502104','ES02','Preventa 502104','A');
INSERT INTO MAP_RUTA(IDRUTA, IDSALAVENTAS, NOMBRE, ESTADO ) VALUES ('502105','ES02','Preventa 502105','A');
INSERT INTO MAP_RUTA(IDRUTA, IDSALAVENTAS, NOMBRE, ESTADO ) VALUES ('502106','ES02','Preventa 502106','A');
INSERT INTO MAP_RUTA(IDRUTA, IDSALAVENTAS, NOMBRE, ESTADO ) VALUES ('502107','ES02','Preventa 502107','A');

CREATE TABLE MAP_USUARIOS_RUTA (
  idRuta varchar2(6) NOT NULL,
  idUsuario number(13) NOT NULL,
  estado varchar2(1) NOT NULL,
  CONSTRAINT MAP_USUARIOS_RUTA_PK PRIMARY KEY (idRuta, idUsuario)
);

INSERT INTO MAP_USUARIOS_RUTA (IDRUTA, IDUSUARIO, ESTADO) VALUES ('501101', 500857, 'A');
INSERT INTO MAP_USUARIOS_RUTA (IDRUTA, IDUSUARIO, ESTADO) VALUES ('501102', 500857, 'A');
INSERT INTO MAP_USUARIOS_RUTA (IDRUTA, IDUSUARIO, ESTADO) VALUES ('501103', 500857, 'A');
INSERT INTO MAP_USUARIOS_RUTA (IDRUTA, IDUSUARIO, ESTADO) VALUES ('501104', 500857, 'A');
INSERT INTO MAP_USUARIOS_RUTA (IDRUTA, IDUSUARIO, ESTADO) VALUES ('501105', 500857, 'A');
INSERT INTO MAP_USUARIOS_RUTA (IDRUTA, IDUSUARIO, ESTADO) VALUES ('501106', 500857, 'A');
INSERT INTO MAP_USUARIOS_RUTA (IDRUTA, IDUSUARIO, ESTADO) VALUES ('501107', 500857, 'A');

*/
